community_code,year,population,density,is_estimated,is_anomaly
101,2015,1,0.01,True,False
111,2015,2269,3712.47,True,False
112,2015,5485,17921.93,True,False
113,2015,11038,62515.06,True,True
114,2015,2034,13899.97,True,False
115,2015,2892,38316.88,True,True
116,2015,13100,75680.87,True,True
117,2015,26291,67812.06,True,True
118,2015,34456,46111.0,True,True
119,2015,7560,11578.02,True,False
121,2015,1,1.45,True,False
122,2015,17113,16690.48,True,False
123,2015,31947,28702.73,True,False
124,2015,47714,31694.27,True,False
125,2015,5079,6297.93,True,False
126,2015,11903,9344.75,True,False
127,2015,55461,31681.48,True,False
128,2015,1419,1157.49,True,False
129,2015,9629,3563.71,True,False
131,2015,351,305.55,True,False
132,2015,14231,9935.45,True,False
133,2015,14697,10671.37,True,False
134,2015,12354,2130.21,True,False
213,2015,2277,2083.42,True,False
214,2015,13599,3363.83,True,False
215,2015,2155,591.04,True,False
216,2015,24984,5161.22,True,False
221,2015,78,5.51,True,False
226,2015,8510,3319.15,True,False
227,2015,3502,3152.73,True,False
228,2015,7627,2570.32,True,False
231,2015,22083,13018.26,True,False
232,2015,32534,11911.02,True,False
233,2015,8814,4921.15,True,False
234,2015,5162,2286.09,True,False
241,2015,43433,19639.27,True,False
242,2015,7684,5343.82,True,False
243,2015,6671,3860.26,True,False
244,2015,4756,2712.88,True,False
245,2015,24759,10654.56,True,False
246,2015,1944,2102.53,True,False
247,2015,2031,2792.07,True,False
248,2015,8266,3450.7,True,False
251,2015,45713,4888.95,True,False
252,2015,55,5.3,True,False
261,2015,5957,1197.8,True,False
262,2015,11990,1746.71,True,False
263,2015,8178,1899.11,True,False
264,2015,97411,17464.82,True,True
265,2015,10592,2919.66,True,False
266,2015,3999,1648.29,True,False
267,2015,1,0.64,True,False
268,2015,4868,3554.29,True,False
271,2015,2459,101.71,True,False
281,2015,9358,570.23,True,False
282,2015,4182,329.47,True,False
283,2015,1212,115.28,True,False
284,2015,6753,2049.83,True,False
302,2015,33,13.47,True,False
303,2015,4,0.06,True,False
304,2015,1,16.21,True,False
311,2015,4,14.14,True,False
312,2015,34606,39366.85,True,True
313,2015,25311,30573.01,True,False
314,2015,4588,4659.46,True,False
315,2015,3986,1173.64,True,False
316,2015,32815,26716.66,True,False
317,2015,28417,14496.82,True,False
318,2015,50319,23882.28,True,False
319,2015,10601,6993.22,True,False
321,2015,5617,248.2,True,False
322,2015,9895,11215.1,True,False
323,2015,16894,10119.6,True,False
324,2015,1107,1391.76,True,False
325,2015,2391,580.37,True,False
326,2015,8962,1237.9,True,False
332,2015,15057,1511.92,True,False
333,2015,38852,19576.25,True,False
334,2015,27342,10153.69,True,False
335,2015,12229,14648.12,True,False
336,2015,9320,6754.11,True,False
337,2015,6069,562.38,True,False
342,2015,7443,2209.63,True,False
343,2015,8405,1724.97,True,False
345,2015,15798,5939.1,True,False
346,2015,17277,2623.19,True,False
347,2015,9906,956.65,True,False
352,2015,9902,2877.61,True,False
353,2015,6334,2606.13,True,False
354,2015,14551,4074.61,True,False
355,2015,3846,754.9,True,False
356,2015,8598,1304.19,True,False
357,2015,4914,2596.52,True,False
358,2015,35952,14837.8,True,False
359,2015,14792,6607.13,True,False
362,2015,9236,2895.47,True,False
363,2015,6099,2779.4,True,False
364,2015,23513,4872.83,True,False
365,2015,87884,17398.62,True,True
366,2015,5425,2082.1,True,False
367,2015,3208,1736.32,True,False
368,2015,14594,3314.75,True,False
369,2015,28826,6147.71,True,False
372,2015,3278,557.7,True,False
373,2015,30170,7629.74,True,False
375,2015,10557,2134.17,True,False
376,2015,11269,1757.74,True,False
381,2015,17026,636.69,True,False
382,2015,4588,1072.25,True,False
383,2015,20618,19274.78,True,False
384,2015,0,0.0,True,False
388,2015,16486,4290.67,True,False
392,2015,44464,4998.68,True,False
393,2015,30197,3108.57,True,False
394,2015,20108,1815.06,True,False
412,2015,3608,571.59,True,False
413,2015,1,0.16,True,False
415,2015,2827,385.58,True,False
416,2015,14324,1723.28,True,False
421,2015,18360,7790.98,True,False
422,2015,7744,2173.33,True,False
423,2015,10597,1703.68,True,False
424,2015,9777,1900.15,True,False
425,2015,0,0.0,True,False
431,2015,213,20.27,True,False
501,2015,3,0.05,True,False
502,2015,2,0.02,True,False
511,2015,2448,102.83,True,False
512,2015,7454,139.96,True,False
513,2015,1453,30.17,True,False
516,2015,0,0.0,True,False
518,2015,20842,640.04,True,False
521,2015,10205,71.95,True,False
531,2015,8641,331.01,True,False
532,2015,3204,198.65,True,False
533,2015,7443,384.33,True,False
591,2015,54454,2553.69,True,False
592,2015,650,128.55,True,False
593,2015,263,0.72,True,False
594,2015,8004,229.73,True,False
597,2015,49524,2637.93,True,False
598,2015,39952,2327.3,True,False
599,2015,126244,5721.42,True,True
611,2015,134,77.28,True,False
612,2015,1539,581.8,True,False
613,2015,1343,321.94,True,False
614,2015,13671,2509.42,True,False
615,2015,1766,235.97,True,False
616,2015,861,136.31,True,False
617,2015,2664,431.93,True,False
618,2015,5368,225.38,True,False
621,2015,71184,8447.62,True,True
622,2015,934,108.28,True,False
624,2015,10487,1328.06,True,False
626,2015,35926,3676.2,True,False
631,2015,8479,230.63,True,False
643,2015,7652,726.63,True,False
645,2015,7252,240.25,True,False
646,2015,117,17.19,True,False
648,2015,15059,922.76,True,False
664,2015,13383,1713.27,True,False
665,2015,6494,772.38,True,False
671,2015,9893,1676.73,True,False
672,2015,5200,1090.79,True,False
673,2015,10627,2838.89,True,False
674,2015,7964,1906.88,True,False
675,2015,1241,380.73,True,False
676,2015,5483,1273.73,True,False
677,2015,1720,526.45,True,False
681,2015,21434,3150.7,True,False
682,2015,15742,1721.32,True,False
683,2015,7353,908.62,True,False
684,2015,6260,2121.13,True,False
685,2015,13762,837.97,True,False
686,2015,9,0.91,True,False
711,2015,4493,113.13,True,False
721,2015,4118,78.59,True,False
724,2015,1,0.03,True,False
727,2015,31,1.24,True,False
731,2015,2310,68.27,True,False
735,2015,512,33.15,True,False
736,2015,402,30.84,True,False
811,2015,9170,878.26,True,False
812,2015,2195,191.1,True,False
813,2015,0,0.0,True,False
814,2015,3347,55.79,True,False
821,2015,283,9.24,True,False
824,2015,209,5.96,True,False
826,2015,37,1.49,True,False
831,2015,1113,15.09,True,False
835,2015,115,3.53,True,False
841,2015,842,5.52,True,False
845,2015,141,3.38,True,False
847,2015,148,4.23,True,False
851,2015,150,1.82,True,False
857,2015,453,13.08,True,False
861,2015,73,0.96,True,False
891,2015,8105,62.95,True,False
911,2015,5,0.36,True,False
912,2015,1,0.15,True,False
913,2015,2398,156.84,True,False
914,2015,3477,56.37,True,False
915,2015,468,26.76,True,False
917,2015,98,3.62,True,False
919,2015,1,0.16,True,False
921,2015,2275,127.85,True,False
922,2015,4678,326.04,True,False
923,2015,2,0.2,True,False
924,2015,5,0.38,True,False
925,2015,68,2.7,True,False
931,2015,2028,18.0,True,False
941,2015,39,0.43,True,False
945,2015,303,2.16,True,False
951,2015,392,4.42,True,False
956,2015,26,0.32,True,False
961,2015,436,2.56,True,False
967,2015,20,0.28,True,False
971,2015,1,0.01,True,False
975,2015,1,0.03,True,False
978,2015,0,0.0,True,False
981,2015,219,1.57,True,False
987,2015,189,6.67,True,False
988,2015,0,0.0,True,False
991,2015,8,0.06,True,False
101,2016,1,0.01,True,False
111,2016,2388,3907.87,True,False
112,2016,5774,18865.19,True,False
113,2016,11619,65805.32,True,True
114,2016,2141,14631.55,True,False
115,2016,3044,40333.56,True,True
116,2016,13789,79664.07,True,True
117,2016,27675,71381.11,True,True
118,2016,36269,48537.9,True,True
119,2016,7958,12187.39,True,False
121,2016,1,1.52,True,False
122,2016,18013,17568.93,True,False
123,2016,33628,30213.4,True,False
124,2016,50226,33362.39,True,False
125,2016,5347,6629.4,True,False
126,2016,12530,9836.58,True,False
127,2016,58380,33348.93,True,False
128,2016,1494,1218.41,True,False
129,2016,10136,3751.27,True,False
131,2016,370,321.63,True,False
132,2016,14980,10458.37,True,False
133,2016,15470,11233.02,True,False
134,2016,13005,2242.33,True,False
213,2016,2396,2193.07,True,False
214,2016,14315,3540.88,True,False
215,2016,2268,622.15,True,False
216,2016,26299,5432.87,True,False
221,2016,82,5.8,True,False
226,2016,8958,3493.85,True,False
227,2016,3686,3318.66,True,False
228,2016,8028,2705.6,True,False
231,2016,23245,13703.43,True,False
232,2016,34246,12537.92,True,False
233,2016,9278,5180.16,True,False
234,2016,5434,2406.41,True,False
241,2016,45719,20672.92,True,False
242,2016,8088,5625.08,True,False
243,2016,7022,4063.44,True,False
244,2016,5006,2855.66,True,False
245,2016,26062,11215.32,True,False
246,2016,2047,2213.19,True,False
247,2016,2138,2939.03,True,False
248,2016,8701,3632.32,True,False
251,2016,48119,5146.26,True,False
252,2016,58,5.57,True,False
261,2016,6270,1260.84,True,False
262,2016,12621,1838.64,True,False
263,2016,8608,1999.06,True,False
264,2016,102538,18384.02,True,True
265,2016,11150,3073.33,True,False
266,2016,4210,1735.04,True,False
267,2016,1,0.68,True,False
268,2016,5124,3741.36,True,False
271,2016,2589,107.07,True,False
281,2016,9851,600.24,True,False
282,2016,4402,346.81,True,False
283,2016,1276,121.34,True,False
284,2016,7108,2157.71,True,False
302,2016,35,14.18,True,False
303,2016,4,0.06,True,False
304,2016,1,17.06,True,False
311,2016,4,14.88,True,False
312,2016,36427,41438.78,True,True
313,2016,26643,32182.12,True,False
314,2016,4829,4904.69,True,False
315,2016,4196,1235.41,True,False
316,2016,34542,28122.8,True,False
317,2016,29913,15259.81,True,False
318,2016,52967,25139.24,True,False
319,2016,11159,7361.28,True,False
321,2016,5913,261.26,True,False
322,2016,10416,11805.37,True,False
323,2016,17783,10652.21,True,False
324,2016,1165,1465.01,True,False
325,2016,2517,610.91,True,False
326,2016,9434,1303.05,True,False
332,2016,15850,1591.5,True,False
333,2016,40897,20606.57,True,False
334,2016,28781,10688.1,True,False
335,2016,12873,15419.07,True,False
336,2016,9810,7109.59,True,False
337,2016,6388,591.98,True,False
342,2016,7834,2325.92,True,False
343,2016,8848,1815.76,True,False
345,2016,16629,6251.69,True,False
346,2016,18186,2761.26,True,False
347,2016,10427,1007.0,True,False
352,2016,10423,3029.06,True,False
353,2016,6667,2743.29,True,False
354,2016,15317,4289.06,True,False
355,2016,4048,794.63,True,False
356,2016,9051,1372.83,True,False
357,2016,5173,2733.18,True,False
358,2016,37844,15618.74,True,False
359,2016,15571,6954.87,True,False
362,2016,9723,3047.87,True,False
363,2016,6420,2925.68,True,False
364,2016,24750,5129.29,True,False
365,2016,92509,18314.34,True,True
366,2016,5711,2191.68,True,False
367,2016,3377,1827.71,True,False
368,2016,15362,3489.21,True,False
369,2016,30344,6471.28,True,False
372,2016,3451,587.05,True,False
373,2016,31757,8031.31,True,False
375,2016,11112,2246.5,True,False
376,2016,11862,1850.25,True,False
381,2016,17922,670.2,True,False
382,2016,4829,1128.68,True,False
383,2016,21703,20289.24,True,False
384,2016,0,0.0,True,False
388,2016,17354,4516.49,True,False
392,2016,46804,5261.77,True,False
393,2016,31786,3272.18,True,False
394,2016,21167,1910.59,True,False
412,2016,3798,601.68,True,False
413,2016,1,0.17,True,False
415,2016,2976,405.87,True,False
416,2016,15078,1813.98,True,False
421,2016,19326,8201.03,True,False
422,2016,8152,2287.71,True,False
423,2016,11154,1793.35,True,False
424,2016,10291,2000.16,True,False
425,2016,0,0.0,True,False
431,2016,224,21.34,True,False
501,2016,3,0.06,True,False
502,2016,2,0.02,True,False
511,2016,2577,108.24,True,False
512,2016,7846,147.33,True,False
513,2016,1530,31.76,True,False
516,2016,0,0.0,True,False
518,2016,21939,673.73,True,False
521,2016,10742,75.74,True,False
531,2016,9096,348.43,True,False
532,2016,3372,209.11,True,False
533,2016,7835,404.56,True,False
591,2016,57320,2688.1,True,False
592,2016,684,135.32,True,False
593,2016,277,0.76,True,False
594,2016,8425,241.82,True,False
597,2016,52131,2776.77,True,False
598,2016,42055,2449.79,True,False
599,2016,132889,6022.55,True,True
611,2016,141,81.35,True,False
612,2016,1620,612.42,True,False
613,2016,1414,338.88,True,False
614,2016,14390,2641.49,True,False
615,2016,1859,248.39,True,False
616,2016,906,143.49,True,False
617,2016,2804,454.66,True,False
618,2016,5651,237.24,True,False
621,2016,74930,8892.23,True,True
622,2016,983,113.98,True,False
624,2016,11039,1397.96,True,False
626,2016,37816,3869.68,True,False
631,2016,8925,242.77,True,False
643,2016,8055,764.88,True,False
645,2016,7633,252.9,True,False
646,2016,124,18.1,True,False
648,2016,15851,971.33,True,False
664,2016,14088,1803.44,True,False
665,2016,6835,813.03,True,False
671,2016,10413,1764.98,True,False
672,2016,5473,1148.2,True,False
673,2016,11187,2988.3,True,False
674,2016,8383,2007.25,True,False
675,2016,1306,400.77,True,False
676,2016,5771,1340.77,True,False
677,2016,1811,554.16,True,False
681,2016,22562,3316.52,True,False
682,2016,16570,1811.91,True,False
683,2016,7740,956.44,True,False
684,2016,6589,2232.77,True,False
685,2016,14487,882.07,True,False
686,2016,9,0.95,True,False
711,2016,4729,119.08,True,False
721,2016,4334,82.72,True,False
724,2016,1,0.03,True,False
727,2016,33,1.31,True,False
731,2016,2432,71.86,True,False
735,2016,539,34.89,True,False
736,2016,423,32.46,True,False
811,2016,9653,924.49,True,False
812,2016,2311,201.16,True,False
813,2016,0,0.0,True,False
814,2016,3523,58.73,True,False
821,2016,298,9.73,True,False
824,2016,220,6.27,True,False
826,2016,39,1.57,True,False
831,2016,1171,15.89,True,False
835,2016,121,3.71,True,False
841,2016,886,5.81,True,False
845,2016,148,3.56,True,False
847,2016,156,4.45,True,False
851,2016,158,1.91,True,False
857,2016,476,13.77,True,False
861,2016,77,1.02,True,False
891,2016,8531,66.26,True,False
911,2016,5,0.38,True,False
912,2016,1,0.16,True,False
913,2016,2524,165.1,True,False
914,2016,3660,59.34,True,False
915,2016,492,28.17,True,False
917,2016,104,3.81,True,False
919,2016,1,0.17,True,False
921,2016,2394,134.58,True,False
922,2016,4924,343.2,True,False
923,2016,2,0.22,True,False
924,2016,5,0.4,True,False
925,2016,71,2.85,True,False
931,2016,2134,18.94,True,False
941,2016,41,0.45,True,False
945,2016,319,2.28,True,False
951,2016,412,4.65,True,False
956,2016,27,0.34,True,False
961,2016,459,2.69,True,False
967,2016,21,0.3,True,False
971,2016,1,0.01,True,False
975,2016,1,0.03,True,False
978,2016,0,0.0,True,False
981,2016,230,1.65,True,False
987,2016,199,7.02,True,False
988,2016,0,0.0,True,False
991,2016,8,0.06,True,False
101,2017,1,0.01,True,False
111,2017,2514,4113.54,True,False
112,2017,6078,19858.09,True,False
113,2017,12231,69268.76,True,True
114,2017,2254,15401.63,True,False
115,2017,3204,42456.38,True,True
116,2017,14515,83856.92,True,True
117,2017,29131,75138.01,True,True
118,2017,38178,51092.53,True,True
119,2017,8377,12828.83,True,False
121,2017,1,1.6,True,False
122,2017,18961,18493.61,True,False
123,2017,35398,31803.58,True,False
124,2017,52869,35118.3,True,False
125,2017,5628,6978.32,True,False
126,2017,13189,10354.3,True,False
127,2017,61453,35104.13,True,False
128,2017,1573,1282.54,True,False
129,2017,10669,3948.71,True,False
131,2017,389,338.56,True,False
132,2017,15768,11008.81,True,False
133,2017,16285,11824.24,True,False
134,2017,13689,2360.35,True,False
213,2017,2523,2308.49,True,False
214,2017,15068,3727.24,True,False
215,2017,2388,654.89,True,False
216,2017,27683,5718.81,True,False
221,2017,86,6.11,True,False
226,2017,9429,3677.73,True,False
227,2017,3880,3493.33,True,False
228,2017,8451,2848.0,True,False
231,2017,24469,14424.66,True,False
232,2017,36048,13197.81,True,False
233,2017,9766,5452.8,True,False
234,2017,5720,2533.06,True,False
241,2017,48125,21760.97,True,False
242,2017,8514,5921.13,True,False
243,2017,7392,4277.3,True,False
244,2017,5270,3005.96,True,False
245,2017,27434,11805.6,True,False
246,2017,2155,2329.67,True,False
247,2017,2251,3093.71,True,False
248,2017,9159,3823.49,True,False
251,2017,50651,5417.12,True,False
252,2017,61,5.87,True,False
261,2017,6600,1327.2,True,False
262,2017,13285,1935.41,True,False
263,2017,9061,2104.28,True,False
264,2017,107935,19351.6,True,True
265,2017,11736,3235.08,True,False
266,2017,4431,1826.36,True,False
267,2017,1,0.71,True,False
268,2017,5394,3938.27,True,False
271,2017,2725,112.7,True,False
281,2017,10369,631.84,True,False
282,2017,4634,365.07,True,False
283,2017,1343,127.73,True,False
284,2017,7482,2271.28,True,False
302,2017,37,14.92,True,False
303,2017,4,0.07,True,False
304,2017,2,17.96,True,False
311,2017,4,15.67,True,False
312,2017,38345,43619.77,True,True
313,2017,28045,33875.91,True,False
314,2017,5083,5162.83,True,False
315,2017,4417,1300.44,True,False
316,2017,36361,29602.95,True,False
317,2017,31488,16062.96,True,False
318,2017,55755,26462.36,True,False
319,2017,11746,7748.72,True,False
321,2017,6224,275.01,True,False
322,2017,10964,12426.7,True,False
323,2017,18719,11212.85,True,False
324,2017,1226,1542.12,True,False
325,2017,2649,643.07,True,False
326,2017,9931,1371.63,True,False
332,2017,16684,1675.26,True,False
333,2017,43050,21691.13,True,False
334,2017,30296,11250.63,True,False
335,2017,13550,16230.6,True,False
336,2017,10327,7483.78,True,False
337,2017,6724,623.14,True,False
342,2017,8247,2448.34,True,False
343,2017,9313,1911.33,True,False
345,2017,17505,6580.72,True,False
346,2017,19143,2906.59,True,False
347,2017,10976,1060.0,True,False
352,2017,10972,3188.49,True,False
353,2017,7018,2887.68,True,False
354,2017,16123,4514.8,True,False
355,2017,4261,836.45,True,False
356,2017,9527,1445.08,True,False
357,2017,5445,2877.03,True,False
358,2017,39836,16440.78,True,False
359,2017,16390,7320.92,True,False
362,2017,10234,3208.28,True,False
363,2017,6758,3079.66,True,False
364,2017,26053,5399.26,True,False
365,2017,97378,19278.25,True,True
366,2017,6011,2307.04,True,False
367,2017,3555,1923.9,True,False
368,2017,16171,3672.86,True,False
369,2017,31941,6811.87,True,False
372,2017,3632,617.95,True,False
373,2017,33429,8454.01,True,False
375,2017,11697,2364.73,True,False
376,2017,12486,1947.63,True,False
381,2017,18865,705.47,True,False
382,2017,5083,1188.08,True,False
383,2017,22846,21357.09,True,False
384,2017,0,0.0,True,False
388,2017,18267,4754.2,True,False
392,2017,49267,5538.71,True,False
393,2017,33459,3444.4,True,False
394,2017,22281,2011.15,True,False
412,2017,3998,633.34,True,False
413,2017,1,0.18,True,False
415,2017,3133,427.23,True,False
416,2017,15871,1909.45,True,False
421,2017,20343,8632.66,True,False
422,2017,8581,2408.12,True,False
423,2017,11741,1887.73,True,False
424,2017,10833,2105.43,True,False
425,2017,0,0.0,True,False
431,2017,236,22.46,True,False
501,2017,3,0.06,True,False
502,2017,2,0.02,True,False
511,2017,2713,113.94,True,False
512,2017,8259,155.08,True,False
513,2017,1611,33.43,True,False
516,2017,0,0.0,True,False
518,2017,23094,709.19,True,False
521,2017,11308,79.73,True,False
531,2017,9574,366.77,True,False
532,2017,3550,220.12,True,False
533,2017,8248,425.85,True,False
591,2017,60337,2829.58,True,False
592,2017,720,142.44,True,False
593,2017,291,0.8,True,False
594,2017,8868,254.54,True,False
597,2017,54875,2922.91,True,False
598,2017,44268,2578.73,True,False
599,2017,139883,6339.53,True,True
611,2017,149,85.63,True,False
612,2017,1705,644.65,True,False
613,2017,1488,356.72,True,False
614,2017,15148,2780.52,True,False
615,2017,1957,261.46,True,False
616,2017,954,151.04,True,False
617,2017,2952,478.59,True,False
618,2017,5948,249.73,True,False
621,2017,78874,9360.24,True,True
622,2017,1034,119.98,True,False
624,2017,11621,1471.54,True,False
626,2017,39807,4073.35,True,False
631,2017,9395,255.54,True,False
643,2017,8479,805.13,True,False
645,2017,8035,266.21,True,False
646,2017,130,19.05,True,False
648,2017,16686,1022.45,True,False
664,2017,14829,1898.36,True,False
665,2017,7195,855.82,True,False
671,2017,10961,1857.87,True,False
672,2017,5761,1208.63,True,False
673,2017,11776,3145.58,True,False
674,2017,8824,2112.89,True,False
675,2017,1375,421.87,True,False
676,2017,6075,1411.34,True,False
677,2017,1906,583.33,True,False
681,2017,23750,3491.08,True,False
682,2017,17443,1907.28,True,False
683,2017,8148,1006.78,True,False
684,2017,6936,2350.29,True,False
685,2017,15249,928.5,True,False
686,2017,10,1.0,True,False
711,2017,4978,125.35,True,False
721,2017,4562,87.08,True,False
724,2017,1,0.03,True,False
727,2017,34,1.38,True,False
731,2017,2560,75.64,True,False
735,2017,567,36.73,True,False
736,2017,446,34.17,True,False
811,2017,10161,973.15,True,False
812,2017,2433,211.75,True,False
813,2017,0,0.0,True,False
814,2017,3708,61.82,True,False
821,2017,314,10.24,True,False
824,2017,232,6.6,True,False
826,2017,41,1.65,True,False
831,2017,1233,16.72,True,False
835,2017,127,3.91,True,False
841,2017,933,6.12,True,False
845,2017,156,3.75,True,False
847,2017,164,4.69,True,False
851,2017,166,2.01,True,False
857,2017,502,14.5,True,False
861,2017,81,1.07,True,False
891,2017,8980,69.75,True,False
911,2017,5,0.4,True,False
912,2017,1,0.16,True,False
913,2017,2657,173.79,True,False
914,2017,3853,62.46,True,False
915,2017,518,29.65,True,False
917,2017,109,4.01,True,False
919,2017,2,0.18,True,False
921,2017,2520,141.66,True,False
922,2017,5183,361.26,True,False
923,2017,2,0.23,True,False
924,2017,5,0.42,True,False
925,2017,75,3.0,True,False
931,2017,2247,19.94,True,False
941,2017,43,0.47,True,False
945,2017,336,2.4,True,False
951,2017,434,4.9,True,False
956,2017,29,0.36,True,False
961,2017,483,2.84,True,False
967,2017,22,0.32,True,False
971,2017,2,0.01,True,False
975,2017,2,0.04,True,False
978,2017,0,0.0,True,False
981,2017,243,1.74,True,False
987,2017,209,7.39,True,False
988,2017,0,0.0,True,False
991,2017,9,0.06,True,False
101,2018,1,0.01,True,False
111,2018,2647,4330.05,True,False
112,2018,6398,20903.25,True,False
113,2018,12875,72914.49,True,True
114,2018,2372,16212.24,True,False
115,2018,3373,44690.93,True,True
116,2018,15279,88270.44,True,True
117,2018,30665,79092.64,True,True
118,2018,40188,53781.61,True,True
119,2018,8818,13504.03,True,False
121,2018,1,1.69,True,False
122,2018,19959,19466.96,True,False
123,2018,37261,33477.45,True,False
124,2018,55652,36966.64,True,False
125,2018,5924,7345.6,True,False
126,2018,13883,10899.26,True,False
127,2018,64688,36951.72,True,False
128,2018,1656,1350.04,True,False
129,2018,11231,4156.53,True,False
131,2018,410,356.37,True,False
132,2018,16598,11588.22,True,False
133,2018,17142,12446.56,True,False
134,2018,14410,2484.58,True,False
213,2018,2655,2429.99,True,False
214,2018,15861,3923.41,True,False
215,2018,2514,689.36,True,False
216,2018,29140,6019.8,True,False
221,2018,91,6.43,True,False
226,2018,9925,3871.3,True,False
227,2018,4084,3677.19,True,False
228,2018,8896,2997.89,True,False
231,2018,25756,15183.85,True,False
232,2018,37946,13892.43,True,False
233,2018,10280,5739.79,True,False
234,2018,6021,2666.38,True,False
241,2018,50658,22906.28,True,False
242,2018,8962,6232.77,True,False
243,2018,7781,4502.42,True,False
244,2018,5547,3164.17,True,False
245,2018,28878,12426.95,True,False
246,2018,2268,2452.29,True,False
247,2018,2369,3256.54,True,False
248,2018,9641,4024.73,True,False
251,2018,53317,5702.23,True,False
252,2018,64,6.18,True,False
261,2018,6948,1397.05,True,False
262,2018,13985,2037.28,True,False
263,2018,9538,2215.03,True,False
264,2018,113615,20370.1,True,True
265,2018,12354,3405.35,True,False
266,2018,4664,1922.49,True,False
267,2018,1,0.75,True,False
268,2018,5678,4145.55,True,False
271,2018,2869,118.63,True,False
281,2018,10915,665.09,True,False
282,2018,4878,384.28,True,False
283,2018,1414,134.45,True,False
284,2018,7876,2390.82,True,False
302,2018,38,15.71,True,False
303,2018,5,0.07,True,False
304,2018,2,18.9,True,False
311,2018,5,16.49,True,False
312,2018,40363,45915.55,True,True
313,2018,29522,35658.86,True,False
314,2018,5351,5434.56,True,False
315,2018,4650,1368.88,True,False
316,2018,38274,31161.0,True,False
317,2018,33145,16908.38,True,False
318,2018,58689,27855.12,True,False
319,2018,12364,8156.54,True,False
321,2018,6551,289.49,True,False
322,2018,11541,13080.74,True,False
323,2018,19704,11803.0,True,False
324,2018,1291,1623.28,True,False
325,2018,2788,676.91,True,False
326,2018,10453,1443.82,True,False
332,2018,17562,1763.43,True,False
333,2018,45316,22832.77,True,False
334,2018,31891,11842.77,True,False
335,2018,14263,17084.84,True,False
336,2018,10870,7877.67,True,False
337,2018,7078,655.94,True,False
342,2018,8681,2577.2,True,False
343,2018,9803,2011.92,True,False
345,2018,18426,6927.08,True,False
346,2018,20151,3059.56,True,False
347,2018,11554,1115.78,True,False
352,2018,11549,3356.3,True,False
353,2018,7387,3039.66,True,False
354,2018,16971,4752.43,True,False
355,2018,4486,880.48,True,False
356,2018,10028,1521.14,True,False
357,2018,5732,3028.46,True,False
358,2018,41933,17306.08,True,False
359,2018,17253,7706.23,True,False
362,2018,10773,3377.14,True,False
363,2018,7114,3241.75,True,False
364,2018,27424,5683.43,True,False
365,2018,102504,20292.9,True,True
366,2018,6328,2428.46,True,False
367,2018,3742,2025.16,True,False
368,2018,17022,3866.17,True,False
369,2018,33622,7170.39,True,False
372,2018,3823,650.47,True,False
373,2018,35188,8898.96,True,False
375,2018,12313,2489.19,True,False
376,2018,13144,2050.14,True,False
381,2018,19858,742.6,True,False
382,2018,5351,1250.61,True,False
383,2018,24048,22481.15,True,False
384,2018,0,0.0,True,False
388,2018,19229,5004.42,True,False
392,2018,51860,5830.22,True,False
393,2018,35220,3625.68,True,False
394,2018,23453,2117.0,True,False
412,2018,4209,666.68,True,False
413,2018,1,0.19,True,False
415,2018,3298,449.72,True,False
416,2018,16707,2009.95,True,False
421,2018,21414,9087.01,True,False
422,2018,9032,2534.86,True,False
423,2018,12359,1987.09,True,False
424,2018,11403,2216.24,True,False
425,2018,0,0.0,True,False
431,2018,249,23.64,True,False
501,2018,3,0.06,True,False
502,2018,2,0.02,True,False
511,2018,2855,119.93,True,False
512,2018,8694,163.25,True,False
513,2018,1695,35.19,True,False
516,2018,0,0.0,True,False
518,2018,24310,746.51,True,False
521,2018,11903,83.92,True,False
531,2018,10078,386.07,True,False
532,2018,3737,231.7,True,False
533,2018,8682,448.26,True,False
591,2018,63513,2978.5,True,False
592,2018,758,149.94,True,False
593,2018,307,0.84,True,False
594,2018,9335,267.94,True,False
597,2018,57763,3076.75,True,False
598,2018,46598,2714.45,True,False
599,2018,147245,6673.19,True,True
611,2018,157,90.14,True,False
612,2018,1795,678.58,True,False
613,2018,1567,375.49,True,False
614,2018,15945,2926.86,True,False
615,2018,2060,275.23,True,False
616,2018,1004,158.99,True,False
617,2018,3107,503.78,True,False
618,2018,6261,262.87,True,False
621,2018,83025,9852.89,True,True
622,2018,1089,126.29,True,False
624,2018,12232,1548.99,True,False
626,2018,41902,4287.74,True,False
631,2018,9889,268.99,True,False
643,2018,8925,847.51,True,False
645,2018,8458,280.22,True,False
646,2018,137,20.05,True,False
648,2018,17564,1076.26,True,False
664,2018,15610,1998.28,True,False
665,2018,7574,900.86,True,False
671,2018,11538,1955.65,True,False
672,2018,6065,1272.25,True,False
673,2018,12395,3311.14,True,False
674,2018,9289,2224.09,True,False
675,2018,1448,444.07,True,False
676,2018,6395,1485.62,True,False
677,2018,2006,614.03,True,False
681,2018,25000,3674.82,True,False
682,2018,18361,2007.66,True,False
683,2018,8577,1059.77,True,False
684,2018,7301,2473.99,True,False
685,2018,16052,977.36,True,False
686,2018,11,1.06,True,False
711,2018,5240,131.95,True,False
721,2018,4803,91.66,True,False
724,2018,1,0.03,True,False
727,2018,36,1.45,True,False
731,2018,2694,79.62,True,False
735,2018,597,38.66,True,False
736,2018,469,35.97,True,False
811,2018,10696,1024.36,True,False
812,2018,2561,222.89,True,False
813,2018,0,0.0,True,False
814,2018,3904,65.07,True,False
821,2018,330,10.78,True,False
824,2018,244,6.95,True,False
826,2018,43,1.74,True,False
831,2018,1298,17.6,True,False
835,2018,134,4.11,True,False
841,2018,982,6.44,True,False
845,2018,164,3.95,True,False
847,2018,173,4.93,True,False
851,2018,175,2.12,True,False
857,2018,528,15.26,True,False
861,2018,86,1.12,True,False
891,2018,9453,73.42,True,False
911,2018,5,0.42,True,False
912,2018,1,0.17,True,False
913,2018,2797,182.94,True,False
914,2018,4056,65.75,True,False
915,2018,546,31.21,True,False
917,2018,115,4.22,True,False
919,2018,2,0.19,True,False
921,2018,2653,149.12,True,False
922,2018,5456,380.27,True,False
923,2018,2,0.24,True,False
924,2018,5,0.44,True,False
925,2018,79,3.15,True,False
931,2018,2365,20.99,True,False
941,2018,45,0.5,True,False
945,2018,354,2.52,True,False
951,2018,457,5.16,True,False
956,2018,30,0.38,True,False
961,2018,509,2.98,True,False
967,2018,23,0.33,True,False
971,2018,2,0.01,True,False
975,2018,2,0.04,True,False
978,2018,0,0.0,True,False
981,2018,255,1.83,True,False
987,2018,220,7.78,True,False
988,2018,0,0.0,True,False
991,2018,9,0.07,True,False
101,2019,1,0.02,True,False
111,2019,2786,4557.94,True,False
112,2019,6734,22003.42,True,False
113,2019,13552,76752.09,True,True
114,2019,2497,17065.52,True,False
115,2019,3550,47043.08,True,True
116,2019,16083,92916.25,True,True
117,2019,32279,83255.41,True,True
118,2019,42303,56612.22,True,True
119,2019,9282,14214.77,True,False
121,2019,1,1.78,True,False
122,2019,21010,20491.53,True,False
123,2019,39222,35239.42,True,False
124,2019,58581,38912.25,True,False
125,2019,6236,7732.21,True,False
126,2019,14614,11472.91,True,False
127,2019,68092,38896.55,True,False
128,2019,1743,1421.1,True,False
129,2019,11822,4375.3,True,False
131,2019,431,375.13,True,False
132,2019,17471,12198.12,True,False
133,2019,18044,13101.65,True,False
134,2019,15168,2615.34,True,False
213,2019,2795,2557.89,True,False
214,2019,16696,4129.91,True,False
215,2019,2646,725.64,True,False
216,2019,30674,6336.63,True,False
221,2019,95,6.77,True,False
226,2019,10448,4075.05,True,False
227,2019,4299,3870.72,True,False
228,2019,9364,3155.68,True,False
231,2019,27112,15983.0,True,False
232,2019,39943,14623.61,True,False
233,2019,10822,6041.88,True,False
234,2019,6338,2806.71,True,False
241,2019,53325,24111.88,True,False
242,2019,9433,6560.81,True,False
243,2019,8191,4739.39,True,False
244,2019,5839,3330.7,True,False
245,2019,30397,13081.0,True,False
246,2019,2387,2581.36,True,False
247,2019,2494,3427.94,True,False
248,2019,10148,4236.56,True,False
251,2019,56123,6002.35,True,False
252,2019,68,6.5,True,False
261,2019,7313,1470.58,True,False
262,2019,14721,2144.5,True,False
263,2019,10040,2331.61,True,False
264,2019,119595,21442.21,True,True
265,2019,13004,3584.58,True,False
266,2019,4910,2023.67,True,False
267,2019,1,0.79,True,False
268,2019,5977,4363.73,True,False
271,2019,3020,124.88,True,False
281,2019,11489,700.1,True,False
282,2019,5134,404.5,True,False
283,2019,1488,141.53,True,False
284,2019,8291,2516.65,True,False
302,2019,41,16.54,True,False
303,2019,5,0.07,True,False
304,2019,2,19.9,True,False
311,2019,5,17.36,True,False
312,2019,42487,48332.16,True,True
313,2019,31075,37535.64,True,False
314,2019,5633,5720.59,True,False
315,2019,4894,1440.93,True,False
316,2019,40289,32801.05,True,False
317,2019,34889,17798.29,True,False
318,2019,61778,29321.17,True,False
319,2019,13015,8585.84,True,False
321,2019,6896,304.73,True,False
322,2019,12149,13769.2,True,False
323,2019,20741,12424.22,True,False
324,2019,1359,1708.72,True,False
325,2019,2935,712.54,True,False
326,2019,11003,1519.81,True,False
332,2019,18487,1856.25,True,False
333,2019,47701,24034.49,True,False
334,2019,33569,12466.07,True,False
335,2019,15014,17984.04,True,False
336,2019,11442,8292.28,True,False
337,2019,7451,690.46,True,False
342,2019,9138,2712.84,True,False
343,2019,10319,2117.81,True,False
345,2019,19396,7291.66,True,False
346,2019,21211,3220.59,True,False
347,2019,12162,1174.51,True,False
352,2019,12157,3532.95,True,False
353,2019,7776,3199.64,True,False
354,2019,17865,5002.55,True,False
355,2019,4722,926.82,True,False
356,2019,10556,1601.2,True,False
357,2019,6033,3187.85,True,False
358,2019,44140,18216.93,True,False
359,2019,18161,8111.82,True,False
362,2019,11340,3554.88,True,False
363,2019,7488,3412.37,True,False
364,2019,28868,5982.56,True,False
365,2019,107899,21360.94,True,True
366,2019,6661,2556.27,True,False
367,2019,3939,2131.75,True,False
368,2019,17918,4069.65,True,False
369,2019,35391,7547.78,True,False
372,2019,4025,684.71,True,False
373,2019,37040,9367.32,True,False
375,2019,12961,2620.2,True,False
376,2019,13835,2158.04,True,False
381,2019,20903,781.69,True,False
382,2019,5633,1316.44,True,False
383,2019,25314,23664.37,True,False
384,2019,0,0.0,True,False
388,2019,20241,5267.81,True,False
392,2019,54590,6137.07,True,False
393,2019,37074,3816.51,True,False
394,2019,24688,2228.42,True,False
412,2019,4430,701.77,True,False
413,2019,1,0.2,True,False
415,2019,3471,473.39,True,False
416,2019,17586,2115.74,True,False
421,2019,22541,9565.28,True,False
422,2019,9508,2668.27,True,False
423,2019,13010,2091.67,True,False
424,2019,12003,2332.89,True,False
425,2019,0,0.0,True,False
431,2019,262,24.88,True,False
501,2019,3,0.07,True,False
502,2019,3,0.03,True,False
511,2019,3006,126.25,True,False
512,2019,9152,171.84,True,False
513,2019,1785,37.04,True,False
516,2019,0,0.0,True,False
518,2019,25589,785.8,True,False
521,2019,12529,88.34,True,False
531,2019,10609,406.39,True,False
532,2019,3933,243.9,True,False
533,2019,9139,471.86,True,False
591,2019,66856,3135.27,True,False
592,2019,798,157.83,True,False
593,2019,323,0.89,True,False
594,2019,9827,282.04,True,False
597,2019,60803,3238.68,True,False
598,2019,49051,2857.31,True,False
599,2019,154995,7024.41,True,True
611,2019,165,94.89,True,False
612,2019,1889,714.29,True,False
613,2019,1649,395.26,True,False
614,2019,16784,3080.9,True,False
615,2019,2168,289.71,True,False
616,2019,1057,167.36,True,False
617,2019,3271,530.29,True,False
618,2019,6591,276.71,True,False
621,2019,87395,10371.46,True,True
622,2019,1146,132.94,True,False
624,2019,12876,1630.51,True,False
626,2019,44107,4513.41,True,False
631,2019,10410,283.15,True,False
643,2019,9395,892.12,True,False
645,2019,8903,294.97,True,False
646,2019,144,21.11,True,False
648,2019,18488,1132.91,True,False
664,2019,16432,2103.45,True,False
665,2019,7973,948.28,True,False
671,2019,12146,2058.58,True,False
672,2019,6384,1339.21,True,False
673,2019,13048,3485.41,True,False
674,2019,9778,2341.15,True,False
675,2019,1524,467.44,True,False
676,2019,6731,1563.81,True,False
677,2019,2112,646.34,True,False
681,2019,26316,3868.23,True,False
682,2019,19327,2113.33,True,False
683,2019,9028,1115.55,True,False
684,2019,7685,2604.2,True,False
685,2019,16897,1028.8,True,False
686,2019,11,1.11,True,False
711,2019,5516,138.89,True,False
721,2019,5055,96.49,True,False
724,2019,1,0.03,True,False
727,2019,38,1.52,True,False
731,2019,2836,83.81,True,False
735,2019,629,40.69,True,False
736,2019,494,37.86,True,False
811,2019,11259,1078.28,True,False
812,2019,2695,234.62,True,False
813,2019,0,0.0,True,False
814,2019,4109,68.49,True,False
821,2019,348,11.35,True,False
824,2019,257,7.32,True,False
826,2019,45,1.83,True,False
831,2019,1366,18.53,True,False
835,2019,141,4.33,True,False
841,2019,1034,6.78,True,False
845,2019,173,4.15,True,False
847,2019,182,5.19,True,False
851,2019,184,2.23,True,False
857,2019,556,16.06,True,False
861,2019,90,1.18,True,False
891,2019,9950,77.29,True,False
911,2019,6,0.45,True,False
912,2019,1,0.18,True,False
913,2019,2944,192.56,True,False
914,2019,4269,69.21,True,False
915,2019,574,32.85,True,False
917,2019,121,4.45,True,False
919,2019,2,0.2,True,False
921,2019,2793,156.97,True,False
922,2019,5743,400.29,True,False
923,2019,3,0.25,True,False
924,2019,6,0.47,True,False
925,2019,83,3.32,True,False
931,2019,2490,22.1,True,False
941,2019,47,0.52,True,False
945,2019,372,2.65,True,False
951,2019,481,5.43,True,False
956,2019,32,0.4,True,False
961,2019,536,3.14,True,False
967,2019,24,0.35,True,False
971,2019,2,0.01,True,False
975,2019,2,0.04,True,False
978,2019,0,0.0,True,False
981,2019,269,1.92,True,False
987,2019,232,8.19,True,False
988,2019,0,0.0,True,False
991,2019,10,0.07,True,False
101,2020,1,0.02,True,False
111,2020,2933,4797.83,True,False
112,2020,7089,23161.5,True,False
113,2020,14266,80791.67,True,True
114,2020,2629,17963.7,True,False
115,2020,3737,49519.03,True,True
116,2020,16930,97806.58,True,True
117,2020,33977,87637.28,True,True
118,2020,44529,59591.81,True,True
119,2020,9770,14962.92,True,False
121,2020,1,1.87,True,False
122,2020,22116,21570.03,True,False
123,2020,41287,37094.13,True,False
124,2020,61664,40960.26,True,False
125,2020,6564,8139.17,True,False
126,2020,15383,12076.74,True,False
127,2020,71676,40943.73,True,False
128,2020,1835,1495.89,True,False
129,2020,12444,4605.58,True,False
131,2020,454,394.87,True,False
132,2020,18391,12840.13,True,False
133,2020,18994,13791.21,True,False
134,2020,15966,2752.99,True,False
213,2020,2942,2692.51,True,False
214,2020,17575,4347.27,True,False
215,2020,2785,763.83,True,False
216,2020,32288,6670.13,True,False
221,2020,100,7.12,True,False
226,2020,10998,4289.53,True,False
227,2020,4526,4074.44,True,False
228,2020,9857,3321.76,True,False
231,2020,28539,16824.21,True,False
232,2020,42045,15393.27,True,False
233,2020,11391,6359.88,True,False
234,2020,6671,2954.44,True,False
241,2020,56131,25380.92,True,False
242,2020,9930,6906.12,True,False
243,2020,8622,4988.83,True,False
244,2020,6147,3506.0,True,False
245,2020,31997,13769.47,True,False
246,2020,2513,2717.22,True,False
247,2020,2625,3608.35,True,False
248,2020,10683,4459.54,True,False
251,2020,59077,6318.26,True,False
252,2020,71,6.84,True,False
261,2020,7698,1547.98,True,False
262,2020,15495,2257.37,True,False
263,2020,10569,2454.33,True,False
264,2020,125890,22570.75,True,True
265,2020,13689,3773.24,True,False
266,2020,5168,2130.18,True,False
267,2020,1,0.83,True,False
268,2020,6292,4593.4,True,False
271,2020,3179,131.45,True,False
281,2020,12094,736.94,True,False
282,2020,5405,425.79,True,False
283,2020,1567,148.98,True,False
284,2020,8727,2649.11,True,False
302,2020,43,17.41,True,False
303,2020,5,0.08,True,False
304,2020,2,20.94,True,False
311,2020,5,18.27,True,False
312,2020,44723,50875.96,True,True
313,2020,32711,39511.2,True,False
314,2020,5929,6021.67,True,False
315,2020,5152,1516.76,True,False
316,2020,42409,34527.43,True,False
317,2020,36726,18735.05,True,False
318,2020,65030,30864.39,True,False
319,2020,13700,9037.72,True,False
321,2020,7259,320.76,True,False
322,2020,12788,14493.9,True,False
323,2020,21833,13078.12,True,False
324,2020,1431,1798.65,True,False
325,2020,3090,750.04,True,False
326,2020,11583,1599.8,True,False
332,2020,19460,1953.94,True,False
333,2020,50211,25299.47,True,False
334,2020,35336,13122.18,True,False
335,2020,15804,18930.57,True,False
336,2020,12044,8728.71,True,False
337,2020,7843,726.8,True,False
342,2020,9619,2855.63,True,False
343,2020,10863,2229.28,True,False
345,2020,20417,7675.43,True,False
346,2020,22328,3390.1,True,False
347,2020,12802,1236.33,True,False
352,2020,12797,3718.9,True,False
353,2020,8185,3368.04,True,False
354,2020,18805,5265.85,True,False
355,2020,4970,975.6,True,False
356,2020,11112,1685.47,True,False
357,2020,6351,3355.63,True,False
358,2020,46463,19175.71,True,False
359,2020,19117,8538.76,True,False
362,2020,11937,3741.98,True,False
363,2020,7882,3591.97,True,False
364,2020,30387,6297.43,True,False
365,2020,113578,22485.2,True,True
366,2020,7012,2690.81,True,False
367,2020,4146,2243.95,True,False
368,2020,18861,4283.84,True,False
369,2020,37254,7945.03,True,False
372,2020,4237,720.75,True,False
373,2020,38990,9860.34,True,False
375,2020,13643,2758.11,True,False
376,2020,14564,2271.62,True,False
381,2020,22003,822.83,True,False
382,2020,5929,1385.72,True,False
383,2020,26646,24909.86,True,False
384,2020,0,0.0,True,False
388,2020,21306,5545.06,True,False
392,2020,57463,6460.07,True,False
393,2020,39025,4017.37,True,False
394,2020,25987,2345.71,True,False
412,2020,4663,738.7,True,False
413,2020,1,0.21,True,False
415,2020,3654,498.3,True,False
416,2020,18512,2227.09,True,False
421,2020,23728,10068.71,True,False
422,2020,10008,2808.71,True,False
423,2020,13695,2201.76,True,False
424,2020,12635,2455.67,True,False
425,2020,0,0.0,True,False
431,2020,276,26.19,True,False
501,2020,4,0.07,True,False
502,2020,3,0.03,True,False
511,2020,3164,132.89,True,False
512,2020,9633,180.88,True,False
513,2020,1879,38.99,True,False
516,2020,0,0.0,True,False
518,2020,26936,827.16,True,False
521,2020,13189,92.99,True,False
531,2020,11167,427.78,True,False
532,2020,4140,256.73,True,False
533,2020,9620,496.69,True,False
591,2020,70374,3300.28,True,False
592,2020,840,166.13,True,False
593,2020,340,0.93,True,False
594,2020,10344,296.89,True,False
597,2020,64003,3409.14,True,False
598,2020,51633,3007.7,True,False
599,2020,163152,7394.11,True,True
611,2020,174,99.88,True,False
612,2020,1989,751.89,True,False
613,2020,1736,416.06,True,False
614,2020,17668,3243.06,True,False
615,2020,2283,304.96,True,False
616,2020,1113,176.16,True,False
617,2020,3443,558.2,True,False
618,2020,6937,291.27,True,False
621,2020,91995,10917.33,True,True
622,2020,1207,139.93,True,False
624,2020,13554,1716.33,True,False
626,2020,46429,4750.96,True,False
631,2020,10958,298.05,True,False
643,2020,9889,939.07,True,False
645,2020,9372,310.49,True,False
646,2020,152,22.22,True,False
648,2020,19461,1192.54,True,False
664,2020,17296,2214.16,True,False
665,2020,8392,998.19,True,False
671,2020,12785,2166.93,True,False
672,2020,6720,1409.69,True,False
673,2020,13735,3668.85,True,False
674,2020,10292,2464.37,True,False
675,2020,1604,492.04,True,False
676,2020,7086,1646.12,True,False
677,2020,2223,680.36,True,False
681,2020,27701,4071.82,True,False
682,2020,20344,2224.55,True,False
683,2020,9503,1174.26,True,False
684,2020,8090,2741.26,True,False
685,2020,17786,1082.95,True,False
686,2020,12,1.17,True,False
711,2020,5806,146.2,True,False
721,2020,5321,101.56,True,False
724,2020,1,0.03,True,False
727,2020,40,1.61,True,False
731,2020,2985,88.22,True,False
735,2020,662,42.84,True,False
736,2020,520,39.86,True,False
811,2020,11851,1135.03,True,False
812,2020,2837,246.97,True,False
813,2020,0,0.0,True,False
814,2020,4325,72.1,True,False
821,2020,366,11.94,True,False
824,2020,271,7.7,True,False
826,2020,48,1.92,True,False
831,2020,1438,19.5,True,False
835,2020,149,4.56,True,False
841,2020,1088,7.14,True,False
845,2020,182,4.37,True,False
847,2020,192,5.47,True,False
851,2020,194,2.35,True,False
857,2020,585,16.91,True,False
861,2020,95,1.25,True,False
891,2020,10474,81.35,True,False
911,2020,6,0.47,True,False
912,2020,1,0.19,True,False
913,2020,3099,202.7,True,False
914,2020,4494,72.85,True,False
915,2020,605,34.58,True,False
917,2020,127,4.68,True,False
919,2020,2,0.21,True,False
921,2020,2940,165.23,True,False
922,2020,6046,421.36,True,False
923,2020,3,0.26,True,False
924,2020,6,0.49,True,False
925,2020,87,3.5,True,False
931,2020,2621,23.26,True,False
941,2020,50,0.55,True,False
945,2020,392,2.79,True,False
951,2020,506,5.71,True,False
956,2020,34,0.42,True,False
961,2020,564,3.31,True,False
967,2020,26,0.37,True,False
971,2020,2,0.01,True,False
975,2020,2,0.04,True,False
978,2020,0,0.0,True,False
981,2020,283,2.03,True,False
987,2020,244,8.62,True,False
988,2020,0,0.0,True,False
991,2020,10,0.07,True,False
101,2021,1,0.02,True,False
111,2021,3087,5050.35,True,False
112,2021,7462,24380.53,True,False
113,2021,15016,85043.87,True,True
114,2021,2767,18909.16,True,False
115,2021,3934,52125.3,True,True
116,2021,17821,102954.3,True,True
117,2021,35766,92249.77,True,True
118,2021,46873,62728.22,True,True
119,2021,10285,15750.44,True,False
121,2021,1,1.97,True,False
122,2021,23280,22705.3,True,False
123,2021,43460,39046.45,True,False
124,2021,64910,43116.06,True,False
125,2021,6910,8567.55,True,False
126,2021,16193,12712.36,True,False
127,2021,75448,43098.67,True,False
128,2021,1931,1574.62,True,False
129,2021,13099,4847.98,True,False
131,2021,478,415.66,True,False
132,2021,19359,13515.93,True,False
133,2021,19993,14517.06,True,False
134,2021,16807,2897.89,True,False
213,2021,3097,2834.22,True,False
214,2021,18500,4576.07,True,False
215,2021,2932,804.03,True,False
216,2021,33988,7021.19,True,False
221,2021,106,7.5,True,False
226,2021,11577,4515.29,True,False
227,2021,4764,4288.89,True,False
228,2021,10375,3496.59,True,False
231,2021,30041,17709.7,True,False
232,2021,44258,16203.44,True,False
233,2021,11991,6694.61,True,False
234,2021,7022,3109.93,True,False
241,2021,59085,26716.76,True,False
242,2021,10453,7269.6,True,False
243,2021,9076,5251.4,True,False
244,2021,6470,3690.53,True,False
245,2021,33681,14494.18,True,False
246,2021,2645,2860.23,True,False
247,2021,2764,3798.27,True,False
248,2021,11245,4694.25,True,False
251,2021,62187,6650.8,True,False
252,2021,75,7.2,True,False
261,2021,8103,1629.45,True,False
262,2021,16311,2376.18,True,False
263,2021,11125,2583.5,True,False
264,2021,132515,23758.68,True,True
265,2021,14409,3971.84,True,False
266,2021,5440,2242.29,True,False
267,2021,1,0.87,True,False
268,2021,6623,4835.16,True,False
271,2021,3346,138.37,True,False
281,2021,12731,775.73,True,False
282,2021,5689,448.2,True,False
283,2021,1649,156.82,True,False
284,2021,9186,2788.53,True,False
302,2021,45,18.32,True,False
303,2021,6,0.08,True,False
304,2021,2,22.05,True,False
311,2021,6,19.23,True,False
312,2021,47077,53553.64,True,True
313,2021,34433,41590.73,True,False
314,2021,6241,6338.6,True,False
315,2021,5423,1596.59,True,False
316,2021,44641,36344.66,True,False
317,2021,38659,19721.1,True,False
318,2021,68452,32488.84,True,False
319,2021,14421,9513.39,True,False
321,2021,7641,337.65,True,False
322,2021,13461,15256.73,True,False
323,2021,22982,13766.44,True,False
324,2021,1506,1893.31,True,False
325,2021,3252,789.52,True,False
326,2021,12192,1684.0,True,False
332,2021,20484,2056.78,True,False
333,2021,52854,26631.02,True,False
334,2021,37196,13812.82,True,False
335,2021,16636,19926.92,True,False
336,2021,12678,9188.12,True,False
337,2021,8256,765.05,True,False
342,2021,10125,3005.92,True,False
343,2021,11434,2346.61,True,False
345,2021,21491,8079.4,True,False
346,2021,23503,3568.52,True,False
347,2021,13476,1301.4,True,False
352,2021,13471,3914.63,True,False
353,2021,8616,3545.31,True,False
354,2021,19795,5543.0,True,False
355,2021,5232,1026.95,True,False
356,2021,11697,1774.18,True,False
357,2021,6685,3532.24,True,False
358,2021,48908,20184.96,True,False
359,2021,20123,8988.17,True,False
362,2021,12565,3938.93,True,False
363,2021,8297,3781.02,True,False
364,2021,31986,6628.87,True,False
365,2021,119555,23668.64,True,True
366,2021,7381,2832.43,True,False
367,2021,4364,2362.05,True,False
368,2021,19854,4509.31,True,False
369,2021,39215,8363.19,True,False
372,2021,4460,758.68,True,False
373,2021,41042,10379.31,True,False
375,2021,14361,2903.27,True,False
376,2021,15330,2391.18,True,False
381,2021,23161,866.13,True,False
382,2021,6241,1458.65,True,False
383,2021,28049,26220.91,True,False
384,2021,0,0.0,True,False
388,2021,22428,5836.91,True,False
392,2021,60487,6800.08,True,False
393,2021,41079,4228.82,True,False
394,2021,27355,2469.17,True,False
412,2021,4909,777.58,True,False
413,2021,1,0.22,True,False
415,2021,3847,524.53,True,False
416,2021,19486,2344.31,True,False
421,2021,24977,10598.64,True,False
422,2021,10535,2956.54,True,False
423,2021,14415,2317.64,True,False
424,2021,13300,2584.92,True,False
425,2021,0,0.0,True,False
431,2021,290,27.57,True,False
501,2021,4,0.07,True,False
502,2021,3,0.03,True,False
511,2021,3330,139.89,True,False
512,2021,10141,190.4,True,False
513,2021,1977,41.04,True,False
516,2021,0,0.0,True,False
518,2021,28354,870.7,True,False
521,2021,13883,97.88,True,False
531,2021,11755,450.29,True,False
532,2021,4358,270.24,True,False
533,2021,10126,522.83,True,False
591,2021,74078,3473.98,True,False
592,2021,884,174.88,True,False
593,2021,358,0.98,True,False
594,2021,10888,312.51,True,False
597,2021,67372,3588.57,True,False
598,2021,54350,3166.0,True,False
599,2021,171739,7783.28,True,True
611,2021,183,105.14,True,False
612,2021,2093,791.46,True,False
613,2021,1827,437.96,True,False
614,2021,18598,3413.74,True,False
615,2021,2403,321.01,True,False
616,2021,1172,185.44,True,False
617,2021,3624,587.58,True,False
618,2021,7303,306.6,True,False
621,2021,96837,11491.92,True,True
622,2021,1270,147.3,True,False
624,2021,14267,1806.66,True,False
626,2021,48872,5001.01,True,False
631,2021,11535,313.74,True,False
643,2021,10410,988.49,True,False
645,2021,9865,326.84,True,False
646,2021,160,23.39,True,False
648,2021,20486,1255.3,True,False
664,2021,18207,2330.69,True,False
665,2021,8834,1050.72,True,False
671,2021,13458,2280.98,True,False
672,2021,7074,1483.88,True,False
673,2021,14457,3861.95,True,False
674,2021,10834,2594.07,True,False
675,2021,1689,517.94,True,False
676,2021,7459,1732.75,True,False
677,2021,2340,716.17,True,False
681,2021,29159,4286.13,True,False
682,2021,21415,2341.64,True,False
683,2021,10003,1236.06,True,False
684,2021,8516,2885.53,True,False
685,2021,18722,1139.95,True,False
686,2021,12,1.23,True,False
711,2021,6112,153.9,True,False
721,2021,5602,106.91,True,False
724,2021,1,0.04,True,False
727,2021,42,1.69,True,False
731,2021,3143,92.87,True,False
735,2021,697,45.09,True,False
736,2021,547,41.95,True,False
811,2021,12475,1194.77,True,False
812,2021,2987,259.97,True,False
813,2021,0,0.0,True,False
814,2021,4553,75.89,True,False
821,2021,385,12.57,True,False
824,2021,285,8.11,True,False
826,2021,50,2.03,True,False
831,2021,1514,20.53,True,False
835,2021,156,4.8,True,False
841,2021,1146,7.51,True,False
845,2021,192,4.6,True,False
847,2021,202,5.75,True,False
851,2021,204,2.47,True,False
857,2021,616,17.8,True,False
861,2021,100,1.31,True,False
891,2021,11025,85.64,True,False
911,2021,6,0.49,True,False
912,2021,1,0.2,True,False
913,2021,3262,213.37,True,False
914,2021,4730,76.69,True,False
915,2021,637,36.4,True,False
917,2021,134,4.93,True,False
919,2021,2,0.22,True,False
921,2021,3095,173.92,True,False
922,2021,6364,443.53,True,False
923,2021,3,0.28,True,False
924,2021,6,0.52,True,False
925,2021,92,3.68,True,False
931,2021,2759,24.48,True,False
941,2021,53,0.58,True,False
945,2021,413,2.94,True,False
951,2021,533,6.01,True,False
956,2021,36,0.44,True,False
961,2021,594,3.48,True,False
967,2021,27,0.39,True,False
971,2021,2,0.01,True,False
975,2021,2,0.04,True,False
978,2021,0,0.0,True,False
981,2021,298,2.13,True,False
987,2021,257,9.08,True,False
988,2021,0,0.0,True,False
991,2021,11,0.08,True,False
101,2022,1,0.02,True,False
111,2022,3249,5316.16,True,False
112,2022,7855,25663.71,True,False
113,2022,15807,89519.86,True,True
114,2022,2913,19904.38,True,False
115,2022,4141,54868.74,True,True
116,2022,18759,108372.94,True,True
117,2022,37648,97105.02,True,True
118,2022,49340,66029.7,True,True
119,2022,10826,16579.41,True,False
121,2022,1,2.07,True,False
122,2022,24505,23900.31,True,False
123,2022,45747,41101.53,True,False
124,2022,68326,45385.33,True,False
125,2022,7274,9018.47,True,False
126,2022,17045,13381.43,True,False
127,2022,79420,45367.02,True,False
128,2022,2033,1657.5,True,False
129,2022,13789,5103.13,True,False
131,2022,503,437.53,True,False
132,2022,20378,14227.29,True,False
133,2022,21046,15281.11,True,False
134,2022,17691,3050.41,True,False
213,2022,3260,2983.39,True,False
214,2022,19474,4816.92,True,False
215,2022,3086,846.35,True,False
216,2022,35776,7390.73,True,False
221,2022,111,7.89,True,False
226,2022,12186,4752.94,True,False
227,2022,5015,4514.62,True,False
228,2022,10922,3680.62,True,False
231,2022,31622,18641.79,True,False
232,2022,46587,17056.26,True,False
233,2022,12622,7046.95,True,False
234,2022,7392,3273.61,True,False
241,2022,62195,28122.9,True,False
242,2022,11003,7652.21,True,False
243,2022,9553,5527.79,True,False
244,2022,6811,3884.77,True,False
245,2022,35454,15257.03,True,False
246,2022,2785,3010.77,True,False
247,2022,2909,3998.17,True,False
248,2022,11837,4941.31,True,False
251,2022,65460,7000.85,True,False
252,2022,79,7.58,True,False
261,2022,8530,1715.21,True,False
262,2022,17170,2501.24,True,False
263,2022,11710,2719.48,True,False
264,2022,139490,25009.14,True,True
265,2022,15168,4180.88,True,False
266,2022,5727,2360.31,True,False
267,2022,1,0.92,True,False
268,2022,6971,5089.64,True,False
271,2022,3522,145.65,True,False
281,2022,13401,816.56,True,False
282,2022,5988,471.79,True,False
283,2022,1736,165.07,True,False
284,2022,9670,2935.3,True,False
302,2022,47,19.29,True,False
303,2022,6,0.09,True,False
304,2022,2,23.21,True,False
311,2022,6,20.25,True,False
312,2022,49555,56372.25,True,True
313,2022,36245,43779.72,True,False
314,2022,6570,6672.22,True,False
315,2022,5709,1680.62,True,False
316,2022,46991,38257.54,True,False
317,2022,40693,20759.06,True,False
318,2022,72055,34198.77,True,False
319,2022,15180,10014.1,True,False
321,2022,8043,355.42,True,False
322,2022,14170,16059.72,True,False
323,2022,24192,14490.99,True,False
324,2022,1585,1992.96,True,False
325,2022,3424,831.07,True,False
326,2022,12834,1772.63,True,False
332,2022,21562,2165.03,True,False
333,2022,55636,28032.65,True,False
334,2022,39154,14539.81,True,False
335,2022,17512,20975.7,True,False
336,2022,13346,9671.71,True,False
337,2022,8691,805.32,True,False
342,2022,10658,3164.13,True,False
343,2022,12036,2470.11,True,False
345,2022,22622,8504.63,True,False
346,2022,24740,3756.34,True,False
347,2022,14185,1369.89,True,False
352,2022,14180,4120.66,True,False
353,2022,9070,3731.9,True,False
354,2022,20836,5834.73,True,False
355,2022,5507,1081.0,True,False
356,2022,12312,1867.56,True,False
357,2022,7037,3718.15,True,False
358,2022,51483,21247.33,True,False
359,2022,21182,9461.23,True,False
362,2022,13227,4146.24,True,False
363,2022,8734,3980.02,True,False
364,2022,33670,6977.76,True,False
365,2022,125848,24914.35,True,True
366,2022,7769,2981.51,True,False
367,2022,4594,2486.37,True,False
368,2022,20899,4746.64,True,False
369,2022,41279,8803.36,True,False
372,2022,4694,798.61,True,False
373,2022,43202,10925.59,True,False
375,2022,15117,3056.08,True,False
376,2022,16137,2517.03,True,False
381,2022,24381,911.72,True,False
382,2022,6570,1535.43,True,False
383,2022,29525,27600.95,True,False
384,2022,0,0.0,True,False
388,2022,23608,6144.12,True,False
392,2022,63671,7157.98,True,False
393,2022,43241,4451.38,True,False
394,2022,28795,2599.12,True,False
412,2022,5167,818.51,True,False
413,2022,1,0.23,True,False
415,2022,4049,552.14,True,False
416,2022,20512,2467.69,True,False
421,2022,26291,11156.47,True,False
422,2022,11089,3112.14,True,False
423,2022,15174,2439.62,True,False
424,2022,14000,2720.96,True,False
425,2022,0,0.0,True,False
431,2022,305,29.02,True,False
501,2022,4,0.08,True,False
502,2022,3,0.03,True,False
511,2022,3506,147.25,True,False
512,2022,10674,200.42,True,False
513,2022,2082,43.2,True,False
516,2022,0,0.0,True,False
518,2022,29846,916.52,True,False
521,2022,14614,103.04,True,False
531,2022,12374,473.99,True,False
532,2022,4588,284.47,True,False
533,2022,10659,550.35,True,False
591,2022,77977,3656.82,True,False
592,2022,931,184.08,True,False
593,2022,377,1.03,True,False
594,2022,11461,328.96,True,False
597,2022,70918,3777.44,True,False
598,2022,57211,3332.63,True,False
599,2022,180778,8192.92,True,True
611,2022,193,110.67,True,False
612,2022,2203,833.12,True,False
613,2022,1924,461.01,True,False
614,2022,19577,3593.42,True,False
615,2022,2529,337.9,True,False
616,2022,1233,195.2,True,False
617,2022,3815,618.51,True,False
618,2022,7687,322.74,True,False
621,2022,101933,12096.76,True,True
622,2022,1337,155.05,True,False
624,2022,15018,1901.75,True,False
626,2022,51445,5264.22,True,False
631,2022,12142,330.25,True,False
643,2022,10958,1040.52,True,False
645,2022,10385,344.04,True,False
646,2022,168,24.62,True,False
648,2022,21564,1321.37,True,False
664,2022,19165,2453.36,True,False
665,2022,9299,1106.03,True,False
671,2022,14166,2401.03,True,False
672,2022,7446,1561.98,True,False
673,2022,15218,4065.21,True,False
674,2022,11404,2730.6,True,False
675,2022,1777,545.2,True,False
676,2022,7851,1823.95,True,False
677,2022,2463,753.86,True,False
681,2022,30694,4511.71,True,False
682,2022,22542,2464.88,True,False
683,2022,10530,1301.12,True,False
684,2022,8964,3037.41,True,False
685,2022,19707,1199.95,True,False
686,2022,13,1.3,True,False
711,2022,6433,162.0,True,False
721,2022,5896,112.54,True,False
724,2022,1,0.04,True,False
727,2022,45,1.78,True,False
731,2022,3308,97.75,True,False
735,2022,733,47.46,True,False
736,2022,576,44.16,True,False
811,2022,13132,1257.65,True,False
812,2022,3144,273.65,True,False
813,2022,0,0.0,True,False
814,2022,4793,79.89,True,False
821,2022,406,13.23,True,False
824,2022,300,8.53,True,False
826,2022,53,2.13,True,False
831,2022,1593,21.61,True,False
835,2022,165,5.05,True,False
841,2022,1206,7.91,True,False
845,2022,202,4.84,True,False
847,2022,212,6.06,True,False
851,2022,215,2.6,True,False
857,2022,648,18.74,True,False
861,2022,105,1.38,True,False
891,2022,11606,90.14,True,False
911,2022,7,0.52,True,False
912,2022,1,0.21,True,False
913,2022,3434,224.6,True,False
914,2022,4979,80.72,True,False
915,2022,670,38.32,True,False
917,2022,141,5.19,True,False
919,2022,2,0.23,True,False
921,2022,3258,183.08,True,False
922,2022,6699,466.88,True,False
923,2022,3,0.29,True,False
924,2022,7,0.55,True,False
925,2022,97,3.87,True,False
931,2022,2904,25.77,True,False
941,2022,55,0.61,True,False
945,2022,435,3.1,True,False
951,2022,561,6.33,True,False
956,2022,37,0.46,True,False
961,2022,625,3.66,True,False
967,2022,28,0.41,True,False
971,2022,2,0.01,True,False
975,2022,2,0.05,True,False
978,2022,0,0.0,True,False
981,2022,314,2.24,True,False
987,2022,270,9.55,True,False
988,2022,0,0.0,True,False
991,2022,11,0.08,True,False
101,2023,1,0.02,True,False
111,2023,3420,5595.96,True,False
112,2023,8268,27014.43,True,False
113,2023,16639,94231.43,True,True
114,2023,3066,20951.98,True,False
115,2023,4359,57756.56,True,True
116,2023,19746,114076.78,True,True
117,2023,39630,102215.81,True,True
118,2023,51937,69504.95,True,True
119,2023,11396,17452.01,True,False
121,2023,1,2.18,True,False
122,2023,25795,25158.23,True,False
123,2023,48155,43264.77,True,False
124,2023,71922,47774.03,True,False
125,2023,7657,9493.13,True,False
126,2023,17942,14085.72,True,False
127,2023,83600,47754.75,True,False
128,2023,2140,1744.73,True,False
129,2023,14515,5371.72,True,False
131,2023,530,460.56,True,False
132,2023,21451,14976.1,True,False
133,2023,22154,16085.38,True,False
134,2023,18622,3210.96,True,False
213,2023,3432,3140.41,True,False
214,2023,20499,5070.44,True,False
215,2023,3249,890.9,True,False
216,2023,37659,7779.71,True,False
221,2023,117,8.31,True,False
226,2023,12827,5003.09,True,False
227,2023,5279,4752.23,True,False
228,2023,11496,3874.34,True,False
231,2023,33287,19622.94,True,False
232,2023,49039,17953.96,True,False
233,2023,13286,7417.85,True,False
234,2023,7781,3445.91,True,False
241,2023,65469,29603.06,True,False
242,2023,11582,8054.96,True,False
243,2023,10056,5818.73,True,False
244,2023,7169,4089.23,True,False
245,2023,37320,16060.04,True,False
246,2023,2931,3169.23,True,False
247,2023,3062,4208.61,True,False
248,2023,12460,5201.38,True,False
251,2023,68905,7369.31,True,False
252,2023,83,7.98,True,False
261,2023,8979,1805.49,True,False
262,2023,18073,2632.88,True,False
263,2023,12327,2862.61,True,False
264,2023,146832,26325.41,True,True
265,2023,15966,4400.93,True,False
266,2023,6028,2484.54,True,False
267,2023,1,0.97,True,False
268,2023,7338,5357.52,True,False
271,2023,3707,153.32,True,False
281,2023,14106,859.53,True,False
282,2023,6304,496.63,True,False
283,2023,1827,173.76,True,False
284,2023,10179,3089.79,True,False
302,2023,50,20.3,True,False
303,2023,6,0.09,True,False
304,2023,2,24.43,True,False
311,2023,6,21.31,True,False
312,2023,52163,59339.21,True,True
313,2023,38152,46083.92,True,False
314,2023,6916,7023.38,True,False
315,2023,6009,1769.08,True,False
316,2023,49464,40271.09,True,False
317,2023,42835,21851.64,True,False
318,2023,75848,35998.71,True,False
319,2023,15979,10541.15,True,False
321,2023,8467,374.12,True,False
322,2023,14915,16904.97,True,False
323,2023,25465,15253.68,True,False
324,2023,1669,2097.86,True,False
325,2023,3604,874.81,True,False
326,2023,13509,1865.93,True,False
332,2023,22697,2278.98,True,False
333,2023,58564,29508.05,True,False
334,2023,41214,15305.07,True,False
335,2023,18433,22079.69,True,False
336,2023,14048,10180.74,True,False
337,2023,9148,847.7,True,False
342,2023,11219,3330.66,True,False
343,2023,12670,2600.12,True,False
345,2023,23813,8952.25,True,False
346,2023,26042,3954.04,True,False
347,2023,14932,1441.99,True,False
352,2023,14926,4337.54,True,False
353,2023,9547,3928.32,True,False
354,2023,21933,6141.82,True,False
355,2023,5797,1137.89,True,False
356,2023,12960,1965.85,True,False
357,2023,7408,3913.84,True,False
358,2023,54192,22365.61,True,False
359,2023,22297,9959.19,True,False
362,2023,13923,4364.46,True,False
363,2023,9194,4189.5,True,False
364,2023,35442,7345.01,True,False
365,2023,132471,26225.63,True,True
366,2023,8178,3138.43,True,False
367,2023,4836,2617.23,True,False
368,2023,21999,4996.46,True,False
369,2023,43452,9266.69,True,False
372,2023,4941,840.64,True,False
373,2023,45476,11500.62,True,False
375,2023,15913,3216.92,True,False
376,2023,16986,2649.5,True,False
381,2023,25664,959.71,True,False
382,2023,6916,1616.24,True,False
383,2023,31079,29053.64,True,False
384,2023,0,0.0,True,False
388,2023,24851,6467.49,True,False
392,2023,67022,7534.71,True,False
393,2023,45517,4685.67,True,False
394,2023,30310,2735.92,True,False
412,2023,5439,861.59,True,False
413,2023,1,0.24,True,False
415,2023,4262,581.2,True,False
416,2023,21591,2597.57,True,False
421,2023,27675,11743.65,True,False
422,2023,11673,3275.94,True,False
423,2023,15973,2568.02,True,False
424,2023,14737,2864.17,True,False
425,2023,0,0.0,True,False
431,2023,322,30.55,True,False
501,2023,4,0.08,True,False
502,2023,3,0.03,True,False
511,2023,3690,155.0,True,False
512,2023,11236,210.97,True,False
513,2023,2191,45.48,True,False
516,2023,0,0.0,True,False
518,2023,31417,964.76,True,False
521,2023,15383,108.46,True,False
531,2023,13025,498.94,True,False
532,2023,4829,299.44,True,False
533,2023,11220,579.32,True,False
591,2023,82081,3849.28,True,False
592,2023,980,193.77,True,False
593,2023,397,1.09,True,False
594,2023,12065,346.27,True,False
597,2023,74651,3976.25,True,False
598,2023,60222,3508.03,True,False
599,2023,190293,8624.13,True,True
611,2023,203,116.49,True,False
612,2023,2319,876.96,True,False
613,2023,2025,485.27,True,False
614,2023,20607,3782.54,True,False
615,2023,2662,355.69,True,False
616,2023,1298,205.47,True,False
617,2023,4016,651.06,True,False
618,2023,8092,339.73,True,False
621,2023,107298,12733.43,True,True
622,2023,1407,163.21,True,False
624,2023,15808,2001.84,True,False
626,2023,54152,5541.28,True,False
631,2023,12781,347.63,True,False
643,2023,11534,1095.28,True,False
645,2023,10931,362.15,True,False
646,2023,177,25.92,True,False
648,2023,22699,1390.92,True,False
664,2023,20174,2582.48,True,False
665,2023,9788,1164.24,True,False
671,2023,14912,2527.4,True,False
672,2023,7838,1644.19,True,False
673,2023,16019,4279.17,True,False
674,2023,12005,2874.32,True,False
675,2023,1871,573.9,True,False
676,2023,8265,1919.95,True,False
677,2023,2593,793.54,True,False
681,2023,32309,4749.17,True,False
682,2023,23729,2594.61,True,False
683,2023,11084,1369.6,True,False
684,2023,9436,3197.27,True,False
685,2023,20745,1263.1,True,False
686,2023,14,1.37,True,False
711,2023,6772,170.52,True,False
721,2023,6207,118.46,True,False
724,2023,1,0.04,True,False
727,2023,47,1.87,True,False
731,2023,3482,102.9,True,False
735,2023,772,49.96,True,False
736,2023,607,46.49,True,False
811,2023,13823,1323.84,True,False
812,2023,3309,288.06,True,False
813,2023,0,0.0,True,False
814,2023,5045,84.09,True,False
821,2023,427,13.93,True,False
824,2023,316,8.98,True,False
826,2023,56,2.24,True,False
831,2023,1677,22.75,True,False
835,2023,173,5.32,True,False
841,2023,1270,8.32,True,False
845,2023,212,5.1,True,False
847,2023,224,6.38,True,False
851,2023,227,2.74,True,False
857,2023,683,19.72,True,False
861,2023,111,1.45,True,False
891,2023,12217,94.89,True,False
911,2023,7,0.55,True,False
912,2023,1,0.22,True,False
913,2023,3614,236.42,True,False
914,2023,5242,84.97,True,False
915,2023,705,40.33,True,False
917,2023,149,5.46,True,False
919,2023,2,0.24,True,False
921,2023,3429,192.71,True,False
922,2023,7051,491.45,True,False
923,2023,3,0.31,True,False
924,2023,7,0.57,True,False
925,2023,102,4.08,True,False
931,2023,3057,27.13,True,False
941,2023,58,0.64,True,False
945,2023,457,3.26,True,False
951,2023,590,6.66,True,False
956,2023,39,0.49,True,False
961,2023,658,3.86,True,False
967,2023,30,0.43,True,False
971,2023,2,0.01,True,False
975,2023,2,0.05,True,False
978,2023,0,0.0,True,False
981,2023,330,2.36,True,False
987,2023,285,10.06,True,False
988,2023,0,0.0,True,False
991,2023,12,0.09,True,False
101,2024,2,0.020076762772667758,False,False
111,2024,3601,5890.482494985028,False,False
112,2024,8704,28436.245126094534,False,False
113,2024,17515,99190.98214156939,False,True
114,2024,3228,22054.71561120349,False,False
115,2024,4589,60796.38370512192,False,True
116,2024,20786,120080.82434278517,False,True
117,2024,41716,107595.58768951929,False,True
118,2024,54671,73163.10610254003,False,True
119,2024,11996,18370.53906278467,False,False
121,2024,2,2.2967801912731973,False,False
122,2024,27153,26482.34275998556,False,False
123,2024,50690,45541.85797402781,False,False
124,2024,75708,50288.45463356723,False,False
125,2024,8060,9992.76449611432,False,False
126,2024,18887,14827.071539626319,False,False
127,2024,88000,50268.162051034604,False,False
128,2024,2253,1836.5614939361683,False,False
129,2024,15279,5654.442073010448,False,False
131,2024,558,484.8024357513247,False,False
132,2024,22580,15764.312090116191,False,False
133,2024,23320,16931.983336766156,False,False
134,2024,19603,3379.9536025776674,False,False
213,2024,3613,3305.699728507218,False,False
214,2024,21578,5337.305939267526,False,False
215,2024,3420,937.7864219012041,False,False
216,2024,39642,8189.173614863916,False,False
221,2024,124,8.744269403644221,False,False
226,2024,13503,5266.413589823988,False,False
227,2024,5557,5002.347964135455,False,False
228,2024,12102,4078.25398910975,False,False
231,2024,35039,20655.721599104207,False,False
232,2024,51621,18898.90070793797,False,False
233,2024,13986,7808.259656788924,False,False
234,2024,8191,3627.272657503858,False,False
241,2024,68915,31161.112801388026,False,False
242,2024,12192,8478.902756704978,False,False
243,2024,10586,6124.977727130428,False,False
244,2024,7547,4304.452600057953,False,False
245,2024,39285,16905.301434818386,False,False
246,2024,3086,3336.029857863193,False,False
247,2024,3224,4430.110672958875,False,False
248,2024,13116,5475.140523733165,False,False
251,2024,72532,7757.169763183442,False,False
252,2024,88,8.402768520827939,False,False
261,2024,9452,1900.5132731196534,False,False
262,2024,19025,2771.456736248254,False,False
263,2024,12976,3013.2692785510994,False,False
264,2024,154560,27710.958334026265,False,True
265,2024,16807,4632.553417970155,False,False
266,2024,6346,2615.3001355917727,False,False
267,2024,2,1.0196230974395588,False,False
268,2024,7725,5639.495090196705,False,False
271,2024,3903,161.38637988090602,False,False
281,2024,14849,904.7718317649912,False,False
282,2024,6636,522.7638495957176,False,False
283,2024,1924,182.90453704949323,False,False
284,2024,10715,3252.4065651053947,False,False
302,2024,53,21.369756951825096,False,False
303,2024,7,0.09446699073191032,False,False
304,2024,3,25.7128158190564,False,False
311,2024,7,22.433044167375083,False,False
312,2024,54909,62462.32746370685,False,True
313,2024,40161,48509.384505990594,False,False
314,2024,7280,7393.036637461591,False,False
315,2024,6326,1862.1879892515042,False,False
316,2024,52068,42390.62061256083,False,False
317,2024,45090,23001.72299382395,False,False
318,2024,79840,37893.37917164169,False,False
319,2024,16821,11095.951382698175,False,False
321,2024,8913,393.8136809012581,False,False
322,2024,15701,17794.702547312067,False,False
323,2024,26806,16056.502197502528,False,False
324,2024,1757,2208.2685762581095,False,False
325,2024,3794,920.8560517704775,False,False
326,2024,14221,1964.1358395593043,False,False
332,2024,23892,2398.9287500054966,False,False
333,2024,61647,31061.10912159208,False,False
334,2024,43384,16110.595189761478,False,False
335,2024,19404,23241.776454999213,False,False
336,2024,14788,10716.571815725409,False,False
337,2024,9630,892.3192003102358,False,False
342,2024,11810,3505.958931270036,False,False
343,2024,13337,2736.9690200608593,False,False
345,2024,25067,9423.416885944962,False,False
346,2024,27413,4162.151579895006,False,False
347,2024,15718,1517.8843461549802,False,False
352,2024,15712,4565.8296193462265,False,False
353,2024,10050,4135.073195373296,False,False
354,2024,23088,6465.077847070576,False,False
355,2024,6103,1197.78065070447,False,False
356,2024,13643,2069.319616804332,False,False
357,2024,7798,4119.834333430998,False,False
358,2024,57045,23542.74528570661,False,False
359,2024,23471,10483.354658916833,False,False
362,2024,14656,4594.169964080239,False,False
363,2024,9678,4409.996371831625,False,False
364,2024,37308,7731.589494999702,False,False
365,2024,139444,27605.93104072279,False,True
366,2024,8609,3303.6124199008086,False,False
367,2024,5091,2754.9767608312186,False,False
368,2024,23157,5259.431453138744,False,False
369,2024,45739,9754.413439507134,False,False
372,2024,5202,884.8860847234098,False,False
373,2024,47870,12105.912095500553,False,False
375,2024,16751,3386.2353327100127,False,False
376,2024,17881,2788.95235311929,False,False
381,2024,27015,1010.2160861654113,False,False
382,2024,7280,1701.303294857726,False,False
383,2024,32715,30582.773754187947,False,False
384,2024,0,0.0,False,False
388,2024,26159,6807.88477278988,False,False
392,2024,70550,7931.275392591822,False,False
393,2024,47913,4932.28178713145,False,False
394,2024,31906,2879.914811732419,False,False
412,2024,5726,906.9319645835348,False,False
413,2024,2,0.2566224912658804,False,False
415,2024,4487,611.7850672525872,False,False
416,2024,22728,2734.2831217968687,False,False
421,2024,29132,12361.736245514061,False,False
422,2024,12288,3448.3580991661397,False,False
423,2024,16814,2703.183600837236,False,False
424,2024,15513,3014.9195316184155,False,False
425,2024,0,0.0,False,False
431,2024,339,32.159939356177894,False,False
501,2024,5,0.08600338907661786,False,False
502,2024,4,0.03242232397849731,False,False
511,2024,3885,163.1555295524394,False,False
512,2024,11828,222.07488837096915,False,False
513,2024,2307,47.871701567235384,False,False
516,2024,0,0.0,False,False
518,2024,33071,1015.5380915234556,False,False
521,2024,16193,114.16773140286386,False,False
531,2024,13711,525.1999403401649,False,False
532,2024,5084,315.2000948137214,False,False
533,2024,11811,609.8073830978171,False,False
591,2024,86402,4051.8785707674997,False,False
592,2024,1032,203.96885185441806,False,False
593,2024,418,1.1451610201856366,False,False
594,2024,12700,364.4988066119913,False,False
597,2024,78580,4185.530250748974,False,False
598,2024,63392,3692.6655416027106,False,False
599,2024,200309,9078.030072949485,False,True
611,2024,214,122.62534612446333,False,False
612,2024,2442,923.1199145387226,False,False
613,2024,2132,510.8108580221566,False,False
614,2024,21692,3981.624142691348,False,False
615,2024,2803,374.4092948196037,False,False
616,2024,1367,216.2830865729103,False,False
617,2024,4228,685.3243417656042,False,False
618,2024,8518,357.60631476457496,False,False
621,2024,112946,13403.615023378257,False,True
622,2024,1482,171.80314354477858,False,False
624,2024,16641,2107.2041633188655,False,False
626,2024,57003,5832.926702537553,False,False
631,2024,13454,365.93155373157265,False,False
643,2024,12142,1152.9309337638751,False,False
645,2024,11507,381.20595812516814,False,False
646,2024,187,27.281392277672893,False,False
648,2024,23894,1464.1230246353164,False,False
664,2024,21236,2718.402952934327,False,False
665,2024,10304,1225.513019608481,False,False
671,2024,15697,2660.419557267267,False,False
672,2024,8251,1730.7297010141535,False,False
673,2024,16863,4504.388125870808,False,False
674,2024,12637,3025.600867565533,False,False
675,2024,1970,604.1012624679478,False,False
676,2024,8700,2020.9986857391748,False,False
677,2024,2730,835.3070945648001,False,False
681,2024,34010,4999.125987120587,False,False
682,2024,24978,2731.1691845540836,False,False
683,2024,11668,1441.6821412064487,False,False
684,2024,9933,3365.5458297357764,False,False
685,2024,21837,1329.5798476904815,False,False
686,2024,15,1.438147576434258,False,False
711,2024,7129,179.4988373321576,False,False
721,2024,6534,124.69427535321525,False,False
724,2024,2,0.040823673260393156,False,False
727,2024,50,1.9705368482888987,False,False
731,2024,3666,108.31575970317816,False,False
735,2024,813,52.59158598140999,False,False
736,2024,639,48.93242599529685,False,False
811,2024,14551,1393.5180875115602,False,False
812,2024,3484,303.2166038840307,False,False
813,2024,0,0.0,False,False
814,2024,5311,88.51962823672001,False,False
821,2024,450,14.663644167887396,False,False
824,2024,333,9.454170718283363,False,False
826,2024,59,2.362431951337576,False,False
831,2024,1766,23.946844162393823,False,False
835,2024,183,5.597793497952683,False,False
841,2024,1337,8.761781263058054,False,False
845,2024,224,5.367331533369611,False,False
847,2024,236,6.711950263076287,False,False
851,2024,239,2.884106907700425,False,False
857,2024,719,20.76004947046458,False,False
861,2024,117,1.5299535806664142,False,False
891,2024,12860,99.88216875519427,False,False
911,2024,8,0.5761756707396583,False,False
912,2024,2,0.23463715936287108,False,False
913,2024,3805,248.86064047490524,False,False
914,2024,5518,89.4439037151694,False,False
915,2024,743,42.457163682871716,False,False
917,2024,157,5.745344236554651,False,False
919,2024,3,0.2545653588309656,False,False
921,2024,3610,202.8555208399284,False,False
922,2024,7423,517.3154950040472,False,False
923,2024,4,0.3241409156452236,False,False
924,2024,8,0.604433353378847,False,False
925,2024,108,4.2918161731519255,False,False
931,2024,3218,28.556518657237717,False,False
941,2024,62,0.6751865121625803,False,False
945,2024,482,3.4298162341867737,False,False
951,2024,622,7.013158542040699,False,False
956,2024,42,0.5105974394534237,False,False
961,2024,693,4.0604478595478835,False,False
967,2024,32,0.45160154949347797,False,False
971,2024,3,0.015776066231423743,False,False
975,2024,3,0.05089152954175034,False,False
978,2024,0,0.0,False,False
981,2024,348,2.487267834090507,False,False
987,2024,300,10.587199797638931,False,False
988,2024,0,0.0,False,False
991,2024,13,0.09055037086254357,False,False
101,2025,2,0.02,True,False
111,2025,3781,6185.01,True,False
112,2025,9139,29858.06,True,False
113,2025,18390,104150.53,True,True
114,2025,3389,23157.45,True,False
115,2025,4818,63836.2,True,True
116,2025,21825,126084.87,True,True
117,2025,43801,112975.37,True,True
118,2025,57404,76821.26,True,True
119,2025,12595,19289.07,True,False
121,2025,2,2.41,True,False
122,2025,28510,27806.46,True,False
123,2025,53224,47818.95,True,False
124,2025,79493,52802.88,True,False
125,2025,8463,10492.4,True,False
126,2025,19831,15568.43,True,False
127,2025,92400,52781.57,True,False
128,2025,2365,1928.39,True,False
129,2025,16042,5937.16,True,False
131,2025,585,509.04,True,False
132,2025,23709,16552.53,True,False
133,2025,24486,17778.58,True,False
134,2025,20583,3548.95,True,False
213,2025,3793,3470.98,True,False
214,2025,22656,5604.17,True,False
215,2025,3591,984.68,True,False
216,2025,41624,8598.63,True,False
221,2025,130,9.18,True,False
226,2025,14178,5529.73,True,False
227,2025,5834,5252.47,True,False
228,2025,12707,4282.17,True,False
231,2025,36790,21688.51,True,False
232,2025,54202,19843.85,True,False
233,2025,14685,8198.67,True,False
234,2025,8600,3808.64,True,False
241,2025,72360,32719.17,True,False
242,2025,12801,8902.85,True,False
243,2025,11115,6431.23,True,False
244,2025,7924,4519.68,True,False
245,2025,41249,17750.57,True,False
246,2025,3240,3502.83,True,False
247,2025,3385,4651.62,True,False
248,2025,13771,5748.9,True,False
251,2025,76158,8145.03,True,False
252,2025,92,8.82,True,False
261,2025,9924,1995.54,True,False
262,2025,19976,2910.03,True,False
263,2025,13624,3163.93,True,False
264,2025,162288,29096.51,True,True
265,2025,17647,4864.18,True,False
266,2025,6663,2746.07,True,False
267,2025,2,1.07,True,False
268,2025,8111,5921.47,True,False
271,2025,4098,169.46,True,False
281,2025,15591,950.01,True,False
282,2025,6967,548.9,True,False
283,2025,2020,192.05,True,False
284,2025,11250,3415.03,True,False
302,2025,55,22.44,True,False
303,2025,7,0.1,True,False
304,2025,3,27.0,True,False
311,2025,7,23.55,True,False
312,2025,57654,65585.44,True,True
313,2025,42169,50934.85,True,False
314,2025,7644,7762.69,True,False
315,2025,6642,1955.3,True,False
316,2025,54671,44510.15,True,False
317,2025,47344,24151.81,True,False
318,2025,83832,39788.05,True,False
319,2025,17662,11650.75,True,False
321,2025,9358,413.5,True,False
322,2025,16486,18684.44,True,False
323,2025,28146,16859.33,True,False
324,2025,1844,2318.68,True,False
325,2025,3983,966.9,True,False
326,2025,14932,2062.34,True,False
332,2025,25086,2518.88,True,False
333,2025,64729,32614.16,True,False
334,2025,45553,16916.12,True,False
335,2025,20374,24403.87,True,False
336,2025,15527,11252.4,True,False
337,2025,10111,936.94,True,False
342,2025,12400,3681.26,True,False
343,2025,14003,2873.82,True,False
345,2025,26320,9894.59,True,False
346,2025,28783,4370.26,True,False
347,2025,16503,1593.78,True,False
352,2025,16497,4794.12,True,False
353,2025,10552,4341.83,True,False
354,2025,24242,6788.33,True,False
355,2025,6408,1257.67,True,False
356,2025,14325,2172.79,True,False
357,2025,8187,4325.83,True,False
358,2025,59897,24719.88,True,False
359,2025,24644,11007.52,True,False
362,2025,15388,4823.88,True,False
363,2025,10161,4630.5,True,False
364,2025,39173,8118.17,True,False
365,2025,146416,28986.23,True,True
366,2025,9039,3468.79,True,False
367,2025,5345,2892.73,True,False
368,2025,24314,5522.4,True,False
369,2025,48025,10242.13,True,False
372,2025,5462,929.13,True,False
373,2025,50263,12711.21,True,False
375,2025,17588,3555.55,True,False
376,2025,18775,2928.4,True,False
381,2025,28365,1060.73,True,False
382,2025,7644,1786.37,True,False
383,2025,34350,32111.91,True,False
384,2025,0,0.0,True,False
388,2025,27466,7148.28,True,False
392,2025,74077,8327.84,True,False
393,2025,50308,5178.9,True,False
394,2025,33501,3023.91,True,False
412,2025,6012,952.28,True,False
413,2025,2,0.27,True,False
415,2025,4711,642.37,True,False
416,2025,23864,2871.0,True,False
421,2025,30588,12979.82,True,False
422,2025,12902,3620.78,True,False
423,2025,17654,2838.34,True,False
424,2025,16288,3165.67,True,False
425,2025,0,0.0,True,False
431,2025,355,33.77,True,False
501,2025,5,0.09,True,False
502,2025,4,0.03,True,False
511,2025,4079,171.31,True,False
512,2025,12419,233.18,True,False
513,2025,2422,50.27,True,False
516,2025,0,0.0,True,False
518,2025,34724,1066.31,True,False
521,2025,17002,119.88,True,False
531,2025,14396,551.46,True,False
532,2025,5338,330.96,True,False
533,2025,12401,640.3,True,False
591,2025,90722,4254.47,True,False
592,2025,1083,214.17,True,False
593,2025,438,1.2,True,False
594,2025,13335,382.72,True,False
597,2025,82509,4394.81,True,False
598,2025,66561,3877.3,True,False
599,2025,210324,9531.93,True,True
611,2025,224,128.76,True,False
612,2025,2564,969.28,True,False
613,2025,2238,536.35,True,False
614,2025,22776,4180.71,True,False
615,2025,2943,393.13,True,False
616,2025,1435,227.1,True,False
617,2025,4439,719.59,True,False
618,2025,8943,375.49,True,False
621,2025,118593,14073.8,True,True
622,2025,1556,180.39,True,False
624,2025,17473,2212.56,True,False
626,2025,59853,6124.57,True,False
631,2025,14126,384.23,True,False
643,2025,12749,1210.58,True,False
645,2025,12082,400.27,True,False
646,2025,196,28.65,True,False
648,2025,25088,1537.33,True,False
664,2025,22297,2854.32,True,False
665,2025,10819,1286.79,True,False
671,2025,16481,2793.44,True,False
672,2025,8663,1817.27,True,False
673,2025,17706,4729.61,True,False
674,2025,13268,3176.88,True,False
675,2025,2068,634.31,True,False
676,2025,9135,2122.05,True,False
677,2025,2866,877.07,True,False
681,2025,35710,5249.08,True,False
682,2025,26226,2867.73,True,False
683,2025,12251,1513.77,True,False
684,2025,10429,3533.82,True,False
685,2025,22928,1396.06,True,False
686,2025,15,1.51,True,False
711,2025,7485,188.47,True,False
721,2025,6860,130.93,True,False
724,2025,2,0.04,True,False
727,2025,52,2.07,True,False
731,2025,3849,113.73,True,False
735,2025,853,55.22,True,False
736,2025,670,51.38,True,False
811,2025,15278,1463.19,True,False
812,2025,3658,318.38,True,False
813,2025,0,0.0,True,False
814,2025,5576,92.95,True,False
821,2025,472,15.4,True,False
824,2025,349,9.93,True,False
826,2025,61,2.48,True,False
831,2025,1854,25.14,True,False
835,2025,192,5.88,True,False
841,2025,1403,9.2,True,False
845,2025,235,5.64,True,False
847,2025,247,7.05,True,False
851,2025,250,3.03,True,False
857,2025,754,21.8,True,False
861,2025,122,1.61,True,False
891,2025,13503,104.88,True,False
911,2025,8,0.6,True,False
912,2025,2,0.25,True,False
913,2025,3995,261.3,True,False
914,2025,5793,93.92,True,False
915,2025,780,44.58,True,False
917,2025,164,6.03,True,False
919,2025,3,0.27,True,False
921,2025,3790,213.0,True,False
922,2025,7794,543.18,True,False
923,2025,4,0.34,True,False
924,2025,8,0.63,True,False
925,2025,113,4.51,True,False
931,2025,3378,29.98,True,False
941,2025,65,0.71,True,False
945,2025,506,3.6,True,False
951,2025,653,7.36,True,False
956,2025,44,0.54,True,False
961,2025,727,4.26,True,False
967,2025,33,0.47,True,False
971,2025,3,0.02,True,False
975,2025,3,0.05,True,False
978,2025,0,0.0,True,False
981,2025,365,2.61,True,False
987,2025,315,11.12,True,False
988,2025,0,0.0,True,False
991,2025,13,0.1,True,False
